{
    "timestamp": "2025-06-22_14:08:37",
    "CAMERAS": [
        {
            "SerialNumber": "19037266",
            "ID": 0,
            "Distortion": [
                0.04714775263871937,
                -1.1971753957483129,
                -0.0038038621126245417,
                -0.0008913432884035923,
                8.407240931383424
            ],
            "Intrinsic": [
                1059.9986902528879,
                0.0,
                520.5934972504965,
                0.0,
                1059.3068382147033,
                407.66934953723537,
                0.0,
                0.0,
                1.0
            ],
            "Extrinsic": [
                1.0,
                0.0,
                0.0,
                0.0,
                0.0,
                1.0,
                0.0,
                0.0,
                0.0,
                0.0,
                1.0,
                0.0,
                0.0,
                0.0,
                0.0,
                1.0
            ]
        },
        {
            "SerialNumber": "19246521",
            "ID": 1,
            "Distortion": [
                0.010495208073370594,
                -1.5173221145566696,
                -0.001136303735909627,
                0.0025504808930368876,
                7.9193404962479729
            ],
            "Intrinsic": [
                747.195025252258,
                0.0,
                515.6255079268515,
                0.0,
                752.5998942902055,
                386.58004483287689,
                0.0,
                0.0,
                1.0
            ],
            "Extrinsic": [
                0.9934822460862288,
                -0.11398694590296926,
                -0.000053620661656330238,
                160.86912168452603,
                0.06463708276514636,
                0.5629733585454545,
                0.8239435933968192,
                -1359.8651422774547,
                -0.09388862680364123,
                -0.8185767976993758,
                0.5666718203909225,
                411.68070070648096,
                0.0,
                0.0,
                0.0,
                1.0
            ]
        },
        {
            "SerialNumber": "20174578",
            "ID": 2,
            "Distortion": [
                0.06224417311011275,
                -0.3273528973230349,
                -0.004464192305945844,
                0.025303458117366494,
                -0.05606678091822426
            ],
            "Intrinsic": [
                1243.817215270657,
                0.0,
                588.7247120949064,
                0.0,
                1249.5237669770825,
                404.8562832286568,
                0.0,
                0.0,
                1.0
            ],
            "Extrinsic": [
                0.750706918318655,
                -0.6574357614782245,
                -0.06494106803907177,
                44.41124922473423,
                0.29875541952932546,
                0.250168721446676,
                0.9209564648296857,
                -1478.786028589678,
                -0.5892234907828819,
                -0.7107698856446315,
                0.3842158866709607,
                1136.12007661463,
                0.0,
                0.0,
                0.0,
                1.0
            ]
        },
        {
            "SerialNumber": "19338645",
            "ID": 3,
            "Distortion": [
                -0.11812961839058287,
                4.603118993346579,
                -0.003307877550155665,
                -0.02726586962402274,
                -34.75184175622957
            ],
            "Intrinsic": [
                1088.5729035948139,
                0.0,
                410.5801794309565,
                0.0,
                1086.7154641928369,
                392.38981126835548,
                0.0,
                0.0,
                1.0
            ],
            "Extrinsic": [
                -0.7002774362609411,
                -0.7133327471713411,
                0.02771108220172957,
                -27.980853103310098,
                0.31770949710544196,
                -0.27666308514463069,
                0.9069278983288924,
                -1536.1193529221726,
                -0.6392747357066527,
                0.6439052175058393,
                0.4203735043457744,
                1059.4054304686909,
                0.0,
                0.0,
                0.0,
                1.0
            ]
        },
        {
            "SerialNumber": "19421325",
            "ID": 4,
            "Distortion": [
                0.007493323816552137,
                -1.5696056552355136,
                -0.0022575622928882566,
                -0.005165757393510774,
                10.828821642713783
            ],
            "Intrinsic": [
                751.0597352611826,
                0.0,
                507.88038223572979,
                0.0,
                755.7807994909069,
                399.246065264723,
                0.0,
                0.0,
                1.0
            ],
            "Extrinsic": [
                -0.9767393291947686,
                -0.21438786463056673,
                -0.004257499653477651,
                -121.26449374441755,
                0.12345581405048531,
                -0.5784702441944113,
                0.8063069133765318,
                -1401.31168348964,
                -0.17532525425986288,
                0.7870260606109584,
                0.5914820666240949,
                324.99510393456526,
                0.0,
                0.0,
                0.0,
                1.0
            ]
        }
    ]
}