{
    "timestamp": "2025-09-03_11:11:11",
    "main_cam_serial": "19037266",
    "CAMERAS": [
        {
            "SerialNumber": "19037266",
            "ID": 0,
            "Distortion": [
                -0.043038819233216,
                1.318581261960291,
                -0.00008480020167986671,
                0.0008105790780456529,
                -8.644622414506639
            ],
            "Intrinsic": [
                1122.8373619990419,
                0.0,
                526.110005059579,
                0.0,
                1121.356900879467,
                422.67582648589277,
                0.0,
                0.0,
                1.0
            ],
            "Extrinsic": [
                1.0,
                0.0,
                0.0,
                0.0,
                0.0,
                1.0,
                0.0,
                0.0,
                0.0,
                0.0,
                1.0,
                0.0,
                0.0,
                0.0,
                0.0,
                1.0
            ]
        },
        {
            "SerialNumber": "19246521",
            "ID": 1,
            "Distortion": [
                -0.11343703444913872,
                0.8273667179979724,
                0.006051422659069463,
                0.0024463631009374526,
                -3.0712163866708925
            ],
            "Intrinsic": [
                776.8395624120396,
                0.0,
                528.2164507807167,
                0.0,
                756.9624242860532,
                333.6181556179086,
                0.0,
                0.0,
                1.0
            ],
            "Extrinsic": [
                0.9949064522956876,
                -0.10019243062559294,
                -0.011073753913837935,
                162.8609312249329,
                0.061489892433332828,
                0.5161734369399683,
                0.8542739467677318,
                -1380.1567690985915,
                -0.07987580552924431,
                -0.8506035856043144,
                0.5197051046970176,
                472.2008765689708,
                0.0,
                0.0,
                0.0,
                1.0
            ]
        },
        {
            "SerialNumber": "20174578",
            "ID": 2,
            "Distortion": [
                -0.03440158465898113,
                2.8504711841109069,
                0.0026886419162204654,
                -0.008027708119801199,
                -29.026220330388669
            ],
            "Intrinsic": [
                1270.4856701746106,
                0.0,
                478.5785084207123,
                0.0,
                1231.2382444755274,
                335.46471324834138,
                0.0,
                0.0,
                1.0
            ],
            "Extrinsic": [
                0.6959390875386193,
                -0.7171304468410057,
                -0.0373190119045706,
                144.22632150094274,
                0.2731897112250249,
                0.21633947604053817,
                0.9373177757768668,
                -1488.2288386249352,
                -0.6641055398930966,
                -0.6625112476932938,
                0.34647175723740256,
                1185.5271018044744,
                0.0,
                0.0,
                0.0,
                1.0
            ]
        },
        {
            "SerialNumber": "19338645",
            "ID": 3,
            "Distortion": [
                -0.19445838104713809,
                7.0625930817761,
                -0.005017636240163504,
                -0.00008589960426225868,
                -59.65807163434336
            ],
            "Intrinsic": [
                1077.583108404055,
                0.0,
                500.22665338625395,
                0.0,
                1044.3303744195339,
                359.3582018721786,
                0.0,
                0.0,
                1.0
            ],
            "Extrinsic": [
                -0.6452229990754789,
                -0.7639111253081348,
                -0.011272714602246825,
                -133.74991482488094,
                0.3096184012637872,
                -0.27494535808317796,
                0.9102425477131737,
                -1583.1740838786348,
                -0.6984437894797984,
                0.5838191866485478,
                0.4139220098498345,
                1033.3659377901682,
                0.0,
                0.0,
                0.0,
                1.0
            ]
        },
        {
            "SerialNumber": "19421325",
            "ID": 4,
            "Distortion": [
                -0.168783093214536,
                2.1922161170938034,
                -0.0015830369361048113,
                -0.0007502966673252156,
                -10.763641548826798
            ],
            "Intrinsic": [
                763.8234966143263,
                0.0,
                529.2679326489811,
                0.0,
                740.2063203570062,
                368.1733382830533,
                0.0,
                0.0,
                1.0
            ],
            "Extrinsic": [
                -0.9715433637952294,
                -0.2360226300269606,
                -0.01992009991458478,
                -146.22077601372079,
                0.12220504445277018,
                -0.5715190503033327,
                0.8114381690866368,
                -1452.7435944206464,
                -0.20290248735722056,
                0.7859130316107077,
                0.5840986965990597,
                316.22867715099098,
                0.0,
                0.0,
                0.0,
                1.0
            ]
        }
    ]
}