{
    "timestamp": "2025-06-17_17:27:59",
    "CAMERAS": [
        {
            "SerialNumber": "19037266",
            "ID": 0,
            "Distortion": [
                0.04931495363743281,
                -1.5581818513255557,
                -0.0013017497026675683,
                -0.0012279355962294375,
                11.638455408171396
            ],
            "Intrinsic": [
                1088.3442272139424,
                0.0,
                517.8648983613708,
                0.0,
                1087.765847700399,
                415.6404933339875,
                0.0,
                0.0,
                1.0
            ],
            "Extrinsic": [
                1.0,
                0.0,
                0.0,
                0.0,
                0.0,
                1.0,
                0.0,
                0.0,
                0.0,
                0.0,
                1.0,
                0.0,
                0.0,
                0.0,
                0.0,
                1.0
            ]
        },
        {
            "SerialNumber": "19246521",
            "ID": 1,
            "Distortion": [
                -0.16817597779448069,
                1.2581514034232442,
                0.0035772040029883407,
                0.001029361809591372,
                -3.1205277062531158
            ],
            "Intrinsic": [
                791.1740370817033,
                0.0,
                514.8656699077797,
                0.0,
                790.4492107361954,
                373.231104079658,
                0.0,
                0.0,
                1.0
            ],
            "Extrinsic": [
                0.9999208120815102,
                -0.004277467879196338,
                -0.011835236997858802,
                38.20006963775581,
                0.012249892354141173,
                0.5462620535106492,
                0.8375247512949337,
                -1373.0220642626399,
                0.002882655644539581,
                -0.8376034098324046,
                0.5462711946767502,
                418.21666062803589,
                0.0,
                0.0,
                0.0,
                1.0
            ]
        },
        {
            "SerialNumber": "20174578",
            "ID": 2,
            "Distortion": [
                -0.010677177865862458,
                -0.6699295880285302,
                0.0002852445479676431,
                0.026108318502935616,
                3.8797420090188496
            ],
            "Intrinsic": [
                835.9730149582798,
                0.0,
                585.5244577073231,
                0.0,
                827.5129750540856,
                386.8046470043394,
                0.0,
                0.0,
                1.0
            ],
            "Extrinsic": [
                0.7868664107760545,
                -0.6132911695724638,
                -0.0686672623369307,
                -51.36186759010238,
                0.29048036050269068,
                0.26990588796055606,
                0.9180261280630583,
                -1515.5869949239989,
                -0.5444836193630037,
                -0.7423104155059817,
                0.3905289173373727,
                1064.5422128970989,
                0.0,
                0.0,
                0.0,
                1.0
            ]
        },
        {
            "SerialNumber": "19338645",
            "ID": 3,
            "Distortion": [
                0.05776100459472945,
                0.501161289653796,
                0.006327936312008018,
                -0.014446885807900557,
                -14.807726504783716
            ],
            "Intrinsic": [
                741.1903537178607,
                0.0,
                460.0917328148106,
                0.0,
                732.0611422830668,
                402.54528310117407,
                0.0,
                0.0,
                1.0
            ],
            "Extrinsic": [
                -0.7058455450314338,
                -0.7083408447008555,
                0.005942582583089257,
                4.365500105476726,
                0.2498350573905607,
                -0.24108738010550438,
                0.9377949238786268,
                -1469.8681900829859,
                -0.6628457668703433,
                0.6634230346335156,
                0.34713882879868687,
                1195.933442520025,
                0.0,
                0.0,
                0.0,
                1.0
            ]
        },
        {
            "SerialNumber": "19421325",
            "ID": 4,
            "Distortion": [
                -0.03852192738783734,
                -1.0257499391821615,
                0.0020073993651500948,
                -0.000778650326143013,
                4.683074329393781
            ],
            "Intrinsic": [
                679.2891655598638,
                0.0,
                512.1505129710513,
                0.0,
                677.7627858141018,
                392.77248033131556,
                0.0,
                0.0,
                1.0
            ],
            "Extrinsic": [
                -0.9889458957998929,
                -0.12390025563354151,
                0.08145392461073,
                -94.73913832263745,
                0.1367798920777553,
                -0.5501995384261247,
                0.8237546534247177,
                -1420.7264626421639,
                -0.05724750041482193,
                0.825790042668003,
                0.5610646389914732,
                381.02306394523426,
                0.0,
                0.0,
                0.0,
                1.0
            ]
        }
    ]
}