{
    "timestamp": "11/03/2025, 11:38:07",
    "FLIRTopCamID": 0,
    "FLIRMasterCamSerial": "20174578",
    "FLIRTopCamSerial": "19037266",
    "CAMERAS": [
        {
            "SerialNumber": "19037266",
            "ID": 0,
            "Distortion": [
                0.0233716,
                -0.984377,
                -0.00285907,
                -0.00120266,
                7.01353
            ],
            "Intrinsic": [
                1088.08,
                0.0,
                516.663,
                0.0,
                1087.51,
                410.782,
                0.0,
                0.0,
                1.0
            ],
            "Extrinsic": [
                1.0,
                0.0,
                0.0,
                0.0,
                0.0,
                1.0,
                0.0,
                0.0,
                0.0,
                0.0,
                1.0,
                0.0,
                0.0,
                0.0,
                0.0,
                1.0
            ]
        },
        {
            "SerialNumber": "19246521",
            "ID": 1,
            "Distortion": [
                -0.0608504,
                0.59964,
                0.0077391,
                -0.00629989,
                2.01697
            ],
            "Intrinsic": [
                952.2,
                0.0,
                507.66,
                0.0,
                942.034,
                383.468,
                0.0,
                0.0,
                1.0
            ],
            "Extrinsic": [
                0.812911,
                0.579504,
                -0.0578851,
                0.10403,
                -0.368005,
                0.588162,
                0.720165,
                -1.39637,
                0.451384,
                -0.564128,
                0.691384,
                0.556547,
                0.0,
                0.0,
                0.0,
                1.0
            ]
        },
        {
            "SerialNumber": "20174578",
            "ID": 2,
            "Distortion": [
                -0.0571844,
                0.0311879,
                0.00676279,
                0.000114353,
                0.260904
            ],
            "Intrinsic": [
                823.75,
                0.0,
                518.065,
                0.0,
                815.406,
                419.275,
                0.0,
                0.0,
                1.0
            ],
            "Extrinsic": [
                0.852614,
                -0.519065,
                -0.060175,
                0.0336797,
                0.322517,
                0.432133,
                0.842166,
                -1.55398,
                -0.411135,
                -0.73745,
                0.535849,
                0.613546,
                0.0,
                0.0,
                0.0,
                1.0
            ]
        },
        {
            "SerialNumber": "19338645",
            "ID": 3,
            "Distortion": [
                -0.031043,
                0.372654,
                0.010322,
                -0.00147936,
                -3.27439
            ],
            "Intrinsic": [
                858.614,
                0.0,
                480.762,
                0.0,
                847.351,
                430.536,
                0.0,
                0.0,
                1.0
            ],
            "Extrinsic": [
                -0.835139,
                -0.544343,
                -0.0789562,
                0.149352,
                0.235973,
                -0.484239,
                0.842513,
                -1.6409200000000002,
                -0.49685,
                0.684984,
                0.532857,
                0.552301,
                0.0,
                0.0,
                0.0,
                1.0
            ]
        },
        {
            "SerialNumber": "19421325",
            "ID": 4,
            "Distortion": [
                -0.00381206,
                -1.2351,
                0.0110474,
                -0.00103854,
                11.8889
            ],
            "Intrinsic": [
                1030.45,
                0.0,
                508.174,
                0.0,
                1018.45,
                397.981,
                0.0,
                0.0,
                1.0
            ],
            "Extrinsic": [
                -0.823481,
                0.566077,
                -0.0379002,
                0.082052,
                -0.411316,
                -0.549666,
                0.727108,
                -1.4133399999999998,
                0.390767,
                0.614349,
                0.685476,
                0.50036,
                0.0,
                0.0,
                0.0,
                1.0
            ]
        }
    ]
}