{
    "timestamp": "2025-06-16_13:32:13",
    "CAMERAS": [
        {
            "SerialNumber": "19037266",
            "ID": 0,
            "Distortion": [
                0.06809657350484333,
                -2.055327461156222,
                -0.0016056923629146894,
                -0.0004555977330624496,
                15.55478624610062
            ],
            "Intrinsic": [
                1079.9908640829206,
                0.0,
                518.7985743134982,
                0.0,
                1079.3137214136928,
                411.75116528839728,
                0.0,
                0.0,
                1.0
            ],
            "Extrinsic": [
                1.0,
                0.0,
                0.0,
                0.0,
                0.0,
                1.0,
                0.0,
                0.0,
                0.0,
                0.0,
                1.0,
                0.0,
                0.0,
                0.0,
                0.0,
                1.0
            ]
        },
        {
            "SerialNumber": "19246521",
            "ID": 1,
            "Distortion": [
                -0.18347655487021198,
                1.6897757264834215,
                0.0010321463366371517,
                -0.0016913285204641408,
                -6.982892584922102
            ],
            "Intrinsic": [
                786.2723732914243,
                0.0,
                505.1401966551279,
                0.0,
                785.5099502825184,
                369.03727694169199,
                0.0,
                0.0,
                1.0
            ],
            "Extrinsic": [
                0.9998841007615736,
                -0.014535299774466026,
                -0.004528808307471822,
                42.61575949466111,
                0.011713778301169462,
                0.5444770022443934,
                0.8386939736428717,
                -1359.1447960655488,
                -0.009724836354945484,
                -0.8386498191065359,
                0.5445841610535918,
                424.01392422658116,
                0.0,
                0.0,
                0.0,
                1.0
            ]
        },
        {
            "SerialNumber": "20174578",
            "ID": 2,
            "Distortion": [
                0.022777482783243473,
                -0.7046442725998507,
                -0.004381591237299493,
                0.02322590911349749,
                3.0949876620516205
            ],
            "Intrinsic": [
                824.6177661507986,
                0.0,
                569.095627301071,
                0.0,
                819.3130666626403,
                391.4978736193385,
                0.0,
                0.0,
                1.0
            ],
            "Extrinsic": [
                0.8836269789038683,
                -0.46545172012847615,
                -0.05057725163218723,
                -54.57441654071884,
                0.24270766474036166,
                0.36300795091828466,
                0.8996211519558601,
                -1462.6458009572726,
                -0.4003702681637375,
                -0.8072050072934082,
                0.4337323190297744,
                779.449621308306,
                0.0,
                0.0,
                0.0,
                1.0
            ]
        },
        {
            "SerialNumber": "19338645",
            "ID": 3,
            "Distortion": [
                0.057853279783556459,
                -0.3345572412718495,
                0.0022894546936056048,
                -0.026957524092199066,
                0.5757889961130117
            ],
            "Intrinsic": [
                725.6869030970273,
                0.0,
                448.09084935166268,
                0.0,
                719.3158512586213,
                414.72767665407147,
                0.0,
                0.0,
                1.0
            ],
            "Extrinsic": [
                -0.8325607222785131,
                -0.5444373247316885,
                0.10213052020861611,
                6.115113491461489,
                0.3170235644325074,
                -0.31712421789046299,
                0.8938278861290188,
                -1513.0222588316167,
                -0.4542452017507597,
                0.7765437720221342,
                0.436624629195431,
                818.3690165885081,
                0.0,
                0.0,
                0.0,
                1.0
            ]
        },
        {
            "SerialNumber": "19421325",
            "ID": 4,
            "Distortion": [
                -0.034558069105972647,
                -0.9552854780685955,
                0.005025432428640245,
                -0.0036517393269663064,
                4.175347705598757
            ],
            "Intrinsic": [
                675.844522098281,
                0.0,
                504.29166706224478,
                0.0,
                676.5783452195823,
                409.63191131457639,
                0.0,
                0.0,
                1.0
            ],
            "Extrinsic": [
                -0.9894849438708168,
                -0.11410121839159922,
                0.08888451954372799,
                -89.9521664659018,
                0.13829117109717835,
                -0.5663296851697552,
                0.8124938397871685,
                -1420.315376407779,
                -0.0423685950857203,
                0.8162423657573029,
                0.5761538878575617,
                349.21601385214196,
                0.0,
                0.0,
                0.0,
                1.0
            ]
        }
    ]
}