{
    "timestamp": "2025-06-17_16:21:45",
    "ids": [
        4,
        11,
        13,
        19,
        20,
        22,
        27,
        28,
        29,
        35,
        36,
        37,
        38,
        43,
        44,
        45,
        53
    ],
    "triangulated_points": [
        0.03134046122431755,
        0.4601808488368988,
        1.8313372135162354,
        0.11038735508918762,
        0.46101999282836916,
        1.827799677848816,
        0.10992076247930527,
        0.5389729738235474,
        1.8295998573303223,
        0.030839456245303155,
        0.5377768278121948,
        1.8321601152420045,
        0.15273572504520417,
        0.33942580223083498,
        1.8324922323226929,
        0.23247285187244416,
        0.339331716299057,
        1.8312400579452515,
        0.23201167583465577,
        0.4174690246582031,
        1.8303271532058716,
        0.1525757759809494,
        0.41771650314331057,
        1.8308701515197755,
        -0.09090913087129593,
        0.3391784727573395,
        1.835719347000122,
        -0.01136211771517992,
        0.33997657895088198,
        1.831375241279602,
        -0.011857395991683007,
        0.4173800051212311,
        1.8345228433609009,
        -0.09139671176671982,
        0.4174291491508484,
        1.835464358329773,
        0.15294387936592103,
        0.21772153675556184,
        1.834847331047058,
        0.23245050013065339,
        0.21775475144386292,
        1.8318560123443604,
        0.23245230317115785,
        0.29606470465660097,
        1.8320430517196656,
        0.15273909270763398,
        0.29662638902664187,
        1.8332743644714356,
        0.030735911801457406,
        0.21827390789985658,
        1.8360081911087037,
        0.10999192297458649,
        0.21809345483779908,
        1.8338899612426758,
        0.1099284216761589,
        0.29626744985580447,
        1.8338897228240967,
        0.030637575313448907,
        0.2961958944797516,
        1.8346775770187379,
        -0.21302098035812379,
        0.2176968902349472,
        1.8394187688827515,
        -0.13382111489772798,
        0.21784217655658723,
        1.8360657691955567,
        -0.1352507323026657,
        0.29602041840553286,
        1.8379805088043213,
        -0.21306674182415009,
        0.2958748936653137,
        1.8394614458084107,
        0.15273678302764893,
        0.09530987590551377,
        1.8367053270339966,
        0.23259694874286652,
        0.09476663917303086,
        1.8335685729980469,
        0.23263004422187806,
        0.17434798181056977,
        1.8326380252838135,
        0.152945414185524,
        0.17362645268440247,
        1.8354941606521607,
        0.03051009215414524,
        0.09560509026050568,
        1.8375548124313355,
        0.11018504947423935,
        0.0963326022028923,
        1.834125280380249,
        0.1101088896393776,
        0.17434240877628327,
        1.8343507051467896,
        0.030269533395767213,
        0.17457331717014314,
        1.8378510475158692,
        -0.09111711382865906,
        0.09615161269903183,
        1.838440179824829,
        -0.012686243280768395,
        0.09604514390230179,
        1.837197184562683,
        -0.012100311927497387,
        0.1741163730621338,
        1.835606575012207,
        -0.09163758158683777,
        0.17461785674095155,
        1.8372702598571778,
        0.15330621600151063,
        -0.02726517990231514,
        1.8368703126907349,
        0.23288419842720033,
        -0.02770107612013817,
        1.8354976177215577,
        0.23302577435970307,
        0.05007237568497658,
        1.8334869146347047,
        0.15295588970184327,
        0.051283400505781177,
        1.8360352516174317,
        0.03066086955368519,
        -0.02697109431028366,
        1.8385779857635499,
        0.10992606729269028,
        -0.027274340391159059,
        1.835911512374878,
        0.1100463941693306,
        0.051288556307554248,
        1.8349450826644898,
        0.030427832156419755,
        0.053060244768857959,
        1.8379721641540528,
        -0.09136231988668442,
        -0.02688407711684704,
        1.839904546737671,
        -0.011863257735967636,
        -0.025188928470015527,
        1.8379738330841065,
        -0.01222414430230856,
        0.05232468247413635,
        1.837602972984314,
        -0.09246428310871124,
        0.0521666593849659,
        1.8395404815673829,
        -0.21410903334617616,
        -0.024662353098392488,
        1.8423477411270142,
        -0.13397322595119477,
        -0.02489665523171425,
        1.8388538360595704,
        -0.13428552448749543,
        0.05242900922894478,
        1.8394429683685303,
        -0.2137889862060547,
        0.052845101803541186,
        1.8419870138168336,
        0.15294353663921357,
        -0.14976093173027039,
        1.8376343250274659,
        0.23311243951320649,
        -0.15021680295467378,
        1.8348227739334107,
        0.2327151745557785,
        -0.07145079225301743,
        1.8343279361724854,
        0.15322242677211762,
        -0.07109743356704712,
        1.836444616317749,
        0.030337093397974969,
        -0.14872364699840547,
        1.8394677639007569,
        0.11008838564157486,
        -0.1494515836238861,
        1.8361971378326417,
        0.10948551446199417,
        -0.0703589916229248,
        1.8363748788833619,
        0.030177341774106027,
        -0.07135196775197983,
        1.8379061222076417,
        -0.09132710099220276,
        -0.14891576766967774,
        1.840474247932434,
        -0.012206042185425759,
        -0.14911527931690217,
        1.839260220527649,
        -0.012435653246939183,
        -0.07050509005784989,
        1.838067889213562,
        -0.0916876345872879,
        -0.06961318850517273,
        1.8399778604507447,
        -0.092221200466156,
        -0.2701092064380646,
        1.840989112854004,
        -0.012563430704176426,
        -0.27067768573760989,
        1.8384464979171754,
        -0.01206248253583908,
        -0.1928224414587021,
        1.8373889923095704,
        -0.09110122174024582,
        -0.19230766594409944,
        1.8397941589355469
    ],
    "transform": [
        -0.9997669458389282,
        -0.0010805408237501979,
        0.0215593334287405,
        0.508492648601532,
        -0.001220290781930089,
        0.999978244304657,
        -0.00647021783515811,
        0.049748532474040988,
        -0.021551869809627534,
        -0.006495015695691109,
        -0.9997462630271912,
        1.756919503211975,
        0.0,
        0.0,
        0.0,
        1.0
    ]
}